{"cameraMode":{"drawMode":0,"name":"Shaded","section":"Shading Mode"},"sceneLighting":true,"audioPlay":false,"sceneViewState":{"showFog":true,"showMaterialUpdate":false,"showSkybox":true,"showFlares":true,"showImageEffects":true,"showParticleSystems":true},"in2DMode":false,"pivot":{"x":34.245601654052737,"y":8.545085906982422,"z":42.5999870300293},"rotation":{"x":0.16129925847053529,"y":0.26610803604125979,"z":-0.04521526023745537,"w":0.9492816925048828},"size":10.0,"orthographic":false}